TIN,HOSPITAL_GROUP,ORG_OR_TOP_PROVIDER,NAME_TYPE
010670555,,BAE M.D. KUNIL,provider
043723466,,CSRA RENAL SERVICES LLC,org
050564968,,METRO DETROIT ENDOCRINOLOGY CENTER,org
060897105,,COMMUNITY HEALTH CENTER INC,org
061494923,,HORIZON MEDICAL GROUP PC,org
133884168,WESTCHESTER MEDICAL GROUP,WESTMED MEDICAL GROUP,org
133963106,MEDICAL ASSOCIATES OF WALL ST,MEDICAL ASSOCIATES OF WALL ST,org
134094264,SHONG DONG-HONG,DONG-HONG SHONG MDPC,org
201024250,AHS OKLAHOMA PHYSICIAN GROUP,AHS OKLAHOMA PHYSICIAN GROUP LLC,org
201321703,ZHOU ZHU PING,ZHOU M.D. ZHU PING,provider
201464369,SEOK WOUN,WOUN HUE SEOK DO PC,org
201480527,WEST ORANGE NEPHROLOGY,WEST ORANGE NEPHROLOGY LLC,org
202074906,MERK,MERK INC,org
202265068,Privia VA Non ACO,PRIVIA MEDICAL GROUP LLC,org
202904686,GUT,DIGESTIVE HEALTH SPECIALISTS OF THE SE,org
203391830,AFFINITY PHYSICIAN SERVICES,AFFINITY PHYSICIAN SERVICES LLC,org
203615380,YOUNG WON KANG MD,KANG M.D. YOUNG WON,provider
203702949,HOUSE CALL MEDICAL SVCS OF NY,HOUSE CALL MEDICAL SVCS OF NY PLLC,org
203828323,MCPHERSON MEDICAL & DIAGNOSTIC,MCPHERSON MEDICAL & DIAGNOSTIC LLC,org
203943524,CHS Physician,NORTHWEST ALLIED PHYSICIANS LLC,org
205227543,AGAPE SENIOR PRIMARY CARE,AGAPE SENIOR PRIMARY CARE INC,org
205455871,FAMILY HEALTH MEDICAL SERVICES,FAMILY HEALTH MEDICAL SERVICES PLLC,org
205519639,HORIZON INTERNAL MEDICINE,HORIZON INTERNAL MEDICINE PLLC,org
208305340,MEDICAL DIRECTOR SERVICES,MEDICAL DIRECTOR SERVICES PC,org
223454267,RWJ Barnabas Health,ROBERT WOOD JOHNSON MEDICAL ASSOCIATES A,org
223599709,THE HEART CENTER OF THE ORANGES,HEART CENTER OF ORANGES,org
251918025,UNION COUNTY HEALTH CARE ASSOCIATES,UNION COUNTY HEALTH CARE ASSOCIATES LLC,org
260059485,KIDNEY CARE CONSULTANTS,KIDNEY CARE CONSULTANTS,org
260869300,MORRIS AVENUE MEDICAL CNTR,GARG M.D. ANSHU GOYAL,provider
261283189,CONSULTANTS IN CARDIOLOGY & ELECTROPHYSI,NOUNEH M.D. CHADI,provider
261433206,INTERNAL MEDICINE ASSOCIATES OF PLANO,INTERNAL MEDICINE ASSOCIATES OF PLANO PA,org
261497110,RNA OF ROCKFORD,RNA OF ROCKFORD LLC,org
262566417,CHIKWENDU C NWOSU MD,STRIPES PRIMARY CARE,org
262824776,Piedmont Health System,PIEDMONT PROFESSIONAL SERVICES LLC,org
263057877,DEL PRADO MEDICAL CENTER,DEL PRADO MEDICAL CENTER INC,org
263865350,GUILLERMO NARVARTE MD,NARVARTE M.D. GUILLERMO C.,provider
264213839,Lutheran Health System,LUTHERAN MEDICAL GROUP LLC,org
264356307,HEALTH SERVICES OF CENTRAL GA,NT CARDIOVASCULAR CENTER PC,org
264839140,STEVENS HEALTH SERVICES,STEVENS HEALTH SERVICES PC,org
270186112,WEST HUDSON PULMONARY ASSC,SALIBA M.D. JEHAD ELIAS,provider
271405532,HALO MEDICAL GROUP,HALO MEDICAL GROUP PLLC,org
273920921,CRESTWOOD PHYSICIAN SER,CRESTWOOD PHYSICIAN SER LLC,org
275456582,VALLEY KIDNEY SPECIALISTS,VALLEY KIDNEY SPECIALISTS PC,org
330652678,University of California San Diego (UCSD),IMPERIAL VALLEY FAMILY CARE MED GRP PC,org
332192194,,GREAT HEALTH MEDICAL GROUP MD PC,org
341421578,KIDNEY & HYPERTENSION CONSULTANTS,KIDNEY & HYPERTENSION CONSULTANTS INC,org
363683493,NEPHROLOGY ASSOCIATES OF N IND,NEPHROLOGY ASSOCIATES OF N IND,org
364078831,ZAKI LABABIDI MD,LABABIDI M.D. ZAKI,provider
364549879,UNIVERSITY MEDICAL PROFESSIONAL,GARG M.D. VIPIN,provider
364885328,KIM KARE GERIATRICS,MILLER D.O. KIMBERLY JANE,provider
370995483,RENALCARE ASSOCIATES,RENALCARE ASSOCIATES SC,org
383862800,MARSHALL COUNTY HMA,MARSHALL COUNTY DURANT CLINIC,org
412285979,,EXCELSIOR HEALTHCARE LLC,org
421411630,Unity Point Health,IOWA PHYSICIANS CLINIC MEDICAL FOUNDATION,org
421757368,COMMUNITY CARE PHYSICIAN NETWORK,ANGIER PEDIATRICS & ADULT MEDICAL CENTER,org
431637707,ST LOUIS HEART AND VASCULAR,ST LOUIS HEART AND VASCULAR PC,org
431807856,BI STATE CARDIOVASCULAR CONSULTANTS,AHMAD M.D. ZIA M.,provider
432002511,INPATIENT REHAB SPECIALISTS,ADAMS M.D. KENNETH K.,provider
450657486,NOVA MEDICAL,ZHENG M.D. DIANA D.,provider
452535719,KNOXVILLE HMA PHYSICIAN MANAGEMENT,KNOXVILLE HMA PHYSICIAN MANAGEMENT LLC,org
452548322,Medical Associates of Englewood,MEDICAL ASSOCIATES OF ENGLEWOOD PC,org
453976537,OCMULGEE PHYSICIANS,OCMULGEE PHYSICIANS LLC,org
454338117,4DHEALTHWARE,4DHEALTHWARE LLC,org
454448055,SOUTH PALM CARDIOVASCULAR,SOUTH PALM CARDIOVASCULAR LLC,org
454986409,PEYMAN E YOUNESI MD,SOUTHERN VISION CARE,org
460877484,,VANGUARD MOBILE PHYSICIANS PLLC,org
462456505,PRIVIA MEDICAL GROUP GULF COAST,PRIVIA MEDICAL GROUP GULF COAST PLLC,org
463245140,"GITELIS, CHAIM",GITELIS D.O. CHAIM ARYEH,provider
464786388,PAIN TREATMENT CENTERS OF AMERICA,PAIN TREATMENT CENTERS OF AMERICA PLLC,org
471045248,INSTITUTE OF ENDO DIABETES HLTH & HORMON,TOPIWALA M.D. SHEHZAD M.,provider
471958188,DORAL MEDICAL AND MULTI-SPECIALTY FACILI,DORAL MEDICAL AND MULTI-SPECIALTY FACILI,org
472221436,MCINTOSH CLINIC PC,PRIVIA MEDICAL GROUP OF GEORGIA,org
472400711,PIEDMONT INTERNAL MEDICINE,PETERS M.D. CRAIG G.,provider
473723011,PAIN SPEC OF CINCINNATI,PAIN SPEC OF CINCINNATI LLC,org
473959836,JOHN KL PORTER DO,JOHN KL PORTER DO PC,org
474126283,MEDICAL OFFICE FORCE LLC,MEDICAL OFFICE FORCE LLC LLC,org
475138029,DYNAMIC PAIN & WELLNESS,DYNAMIC PAIN & WELLNESS,org
481085709,KANSAS NEPHROLOGY PHYS,KANSAS NEPHROLOGY PHYS PA,org
521750628,CAPITOL CARDIOLOGY ASSOCIATES,CAPITOL CARDIOLOGY ASSOCIATES PA,org
540965764,PULMONARY ASSOCIATES/RICHMOND,PULMONARY ASSOCIATES/RICHMOND INC,org
541787099,CAPITAL AREA RENAL ASSOCIATES,CAPITAL AREA RENAL ASSOCIATES,org
550908210,FOUNTAINS FAMILY CARE,LE D.O. RICHARD KIM,provider
561847193,EAGLE PHYSICIANS & ASSOCS,EAGLE WALK-IN CLINIC AT GUILFORD COLLEGE,org
561867003,FIRST CARE MEDICAL CLINIC,FIRST CARE MEDICAL CLINIC INC,org
580949770,HEALTH SERVICES OF CENTRAL GA,MEDICAL CENTER,org
581109078,HEALTH SERVICES OF CENTRAL GA,INTERNAL MEDICINE ASSOCIATES PC,org
581344015,ALBANY AREA PRIMARY HEALTHCARE,BAKER CNTY PRIMARY HEALTH CTR,org
581443753,ATHENS PULMONARY & ALLERGY,ATHENS PULMONARY & ALLERGY PC,org
581595435,HEALTH SERVICES OF CENTRAL GA,SINGANAMALA M.D. SWATHI,provider
581614715,LAGRANGE INTERNAL MEDICINE,SMALLS M.D. ARNOLD,provider
581896468,NORTH ATLANTA PRIMARY CARE,NORTH ATLANTA PRIMARY CARE,org
582092768,Piedmont Health System,PIEDMONT MEDICAL CARE,org
582538212,HEALTH SERVICES OF CENTRAL GA,GEORGIA HEART PHYSICIANS LLC,org
590704934,WATSON CLINIC,WATSON CLINIC LLP,org
592750578,OCALA KIDNEY GROUP,OCALA KIDNEY GROUP INC,org
592871302,TRENTON MEDICAL CENTER,TRENTON MEDICAL CENTER INC,org
593000333,WHITE-WILSON MEDICAL CENTER,WHITE-WILSON MEDICAL CENTER PA,org
593140335,Baycare,BAYCARE MEDICAL GROUP,org
611442064,ALIEF GERIATRICS,OJEIH M.D. CHRIS H.,provider
620637925,Cherokee Health System,CHEROKEE HEALTH SYSTEMS,org
621077500,YIUM SHENOUDA & MILLER PARTNERSHIP,NEPHROLOGY ASSOCIATES,org
621822362,FOLEY CLINIC,FOLEY CLINIC,org
650511644,CARDIOVASCULAR MEDICINE ASSOC,POLANCO M.D. GERARDO A.,provider
710465498,REGIONAL FAMILY MEDICINE,ELDERS M.D. JOHN GREGORY,provider
710836622,HEALTHSTAR PHYSICIANS OF HOT SPRINGS,HEALTHSTAR PHYSICIANS OF HOT SPRINGS PLLC,org
720993441,CARDIOVASCULAR INSTITUTE OF THE SOUTH,CARDIOVASCULAR INSTITUTE OF THE SOUTH PC,org
721539961,MIDWEST NEPHROLOGY ASCS,SINGER M.D. GARY,provider
731498617,KIDNEY SPECIALISTS OF CTRL OK,KIDNEY SPECIALISTS OF CTRL OK PC,org
741784088,WACO CARDIOLOGY ASSOCIATES,WACO CARDIOLOGY ASSOCIATES,org
742542858,CENTRAL TEXAS HEART CENTER,CENTRAL TEXAS HEART CENTER PA,org
742837441,KANSAS HEART HOSPITAL,KANSAS HEART HOSPITAL LLC,org
752441443,INTERNAL MEDICINE ASCS/PALESTINE,INTERNAL MEDICINE ASCS/PALESTINE PA,org
752613493,SOUTHWESTERN HEALTH RESOURCES,TEXAS HEALTH PHYSICIANS GROUP,org
753028076,HEALTH SERVICES OF CENTRAL GA,VAUGHN M.D. MARY BELL HANCOCK,provider
760324613,LIEBER & MOORE CARDIOLOGY ASC,SALAZAR M.D. ROBERT LEE,provider
760591133,SOUTHEAST TEXAS CARDIOLOGY ASSOC II,SOTOLONGO M.D. RODOLFO P.,provider
811039174,OPTIMA MEDICAL,PRESCOTT HEALTHCARE SOLUTIONS,org
811156192,TMC Physicians,TMC MEDICAL NETWORK,org
812036021,HEART AND VASCULAR ASSOCIATES,PIOTROWSKI M.D. BRYAN D.,provider
813193170,VILLAGEMD OF SOUTHEAST TEXAS,VILLAGEMD OF SOUTHEAST TEXAS PA,org
814599180,ACCESS MEDICAL CLINIC ARKANSAS,ACCESS MEDICAL CLINIC ARKANSAS LLC,org
821785874,HEALTH SERVICES OF CENTRAL GA,SOUTHERN PRIMARY CARE,org
822612399,TAPESTRY TELEHEALTH,TAPESTRY TELEHEALTH PLLC,org
824435212,KIDNEY CARE SPECIALIST,KIDNEY CARE SPECIALIST,org
825366209,GANDHI MEDICAL CONSULTANTS SC,GANDHI MEDICAL CONSULTANTS SC,org
831527509,INDYCARE MEDICAL NORTH CAROLINA,INDYCARE MEDICAL NORTH CAROLINA,org
832674884,ADVANCED HEART AND VEIN CENTER,ADVANCED HEART AND VEIN CENTER INC,org
832720103,BERMAN INFECTIOUS DISEASE CONSULTANT PC,RINA HEALTH MEDICAL PRACTICE,org
832867658,HEALTH SERVICES OF CENTRAL GA,AVILYS SLEEP & EEG LLC,org
833042582,,PANNU M.D. PRABHJOT,provider
841121886,SOUTHERN COLO NEPHROLOGY ASC,SOUTHERN COLO NEPHROLOGY ASC PC,org
841477988,MAURICIO WAINTRUB MD,MAURICIO WAINTRUB MD PC,org
844880698,,SCIOMETRIX LLC LLC,org
845000210,INFINITE MEDICAL,INFINITE MEDICAL PC,org
850570073,LIVECARE FLORIDA,LIVECARE FLORIDA PA,org
850703904,GLUTALITY PROVIDER GROUP,GLUTALITY PROVIDER GROUP PA,org
851094518,NHS SOUTH,NHS SOUTH LLC,org
851306293,,CAREATHOME MEDICAL PRACTICE,org
851594399,,CHESS MEDICAL PC,org
852232119,CHESS MEDICINE,CHESS MEDICINE PLLC,org
854295677,CHUAN JIANG MEDICINE,JIANG M.D. CHUAN,provider
861385436,,OPENLOOP HEALTHCARE PARTNERS PC,org
862292179,,CUPID MEDICAL PSC,org
862432391,,COPILOTIQ PC,org
870911255,,ENNOBLE HC DMV LLC,org
871131140,,PERRY MEDICAL GROUP OF FLORIDA PA,org
871298693,,MEDSTREAMLINE LLC,org
871400988,,VALLEY HEALTH PARTNERS APC,org
871568225,,RPM CARE COORDINATION PC,org
872411983,,LARIONOVA M.D. ANNA,provider
872514900,,NEW YORK REMOTE MEDICAL PC,org
872735962,,LEE M.D. THOMAS YON,provider
874134822,,ROMTHERAPY,provider
881387478,,PHAMFIRST CLINIC LLC,org
882842190,,NUVOAIR MEDICAL,org
882942684,,UTAH MODERN MEDICAL LLC,org
883136782,,SIMON FENSTERSZAUB DO NJ PC,org
884146028,,CUPID MEDICAL OF CALIFORNIA,org
911512896,Providence Health System,PMG SW WA,provider
911780160,Rush University Healthcare System,RUSH UNIVERSITY MEDICAL GROUP,org
911942315,Providence Health System,SWEDISH HEALTH SERVICES,org
920990688,,LAUREN M GUSE NP GA PC,org
921269460,,HONEYCOMB MEDICAL GROUP PLC,org
931345639,,FREEDMAN RPM MEDICAL SC,org
933270257,,GREAT HEALTH MEDICAL FL PA,org
934844941,,GREAT HEALTH AFIL PC,org
934885591,,KURZYNSKE M.D. FRANK CARTER,provider
952741568,CABRILLO CARDIOLOGY MED GRP,CABRILLO CARDIOLOGY MED GRP INC,org
956130458,Eisenhower Medical Center,EISENHOWER MEDICAL CENTER MDPP,org
990163566,YEO CHOON,YEO M.D. CHOON K.,provider
990579568,,GREAT HEALTH AFTX PC,org
990881562,,REGENLIFE CENTER SC,org
991244308,,GAMSS HEALTH URGENT MEDICINE DBA POD HEALTH,org
991285206,,ROMTHERAPY NEW JERSEY MEDICAL PA,org
993584394,,MOBILE MEDICAL II LLC,org
